objective-value	target-start	target-end	target-length	left-primer-start	left-primer-num-primers	left-primer-frac-bound	left-primer-target-sequences	right-primer-start	right-primer-num-primers	right-primer-frac-bound	right-primer-target-sequences	num-guides	total-frac-bound-by-guides	guide-set-expected-activity	guide-set-median-activity	guide-set-5th-pctile-activity	guide-expected-activities	guide-target-sequences	guide-target-sequence-positions
7.578871309757233	0	981	981	0	1	1.0	CTTACAGGCAGCAGCAGGTGTGTGCCTATC	951	1	1.0	GAATATATGCGCTTTCTGAACTGTACCGGT	1	1.0	3.5788713097572327	3.5788713097572327	3.5788713097572327	3.5788713097572327	ACCAGAAGATGAAAGACTCCTACCTTAT	{916}
7.554424285888672	981	1408	427	981	1	1.0	GGCCGGAAGGACCCTTCCAAGTCTATTCTG	1378	1	1.0	TTTTGTGTGGATTTTACTGTGAATCCCACA	1	1.0	3.554424285888672	3.554424285888672	3.554424285888672	3.554424285888672	AGAGGAGCAAGGTCCAGTGACCCCTAAG	{1324}
7.551124274730682	1408	3048	1640	1408	1	1.0	TTTCCTTTTTCCTTTTTGTTCCCCTTGAGA	3018	1	1.0	CGCCTTGTGCATGCACAGGAGGTGTGTGAG	1	1.0	3.5511242747306824	3.5511242747306824	3.5511242747306824	3.5511242747306824	TTGGGAAATGAGCCACCATTCTAAATGT	{2976}
7.534762501716614	3149	3568	419	3149	1	1.0	TGGTTACATTTTCAGTGTTAAATCTGGGTG	3538	1	1.0	TTAGCTCCTTACCGCAGTAACTCAGCTCAT	1	1.0	3.5347625017166138	3.5347625017166138	3.5347625017166138	3.5347625017166138	ATAGATAAACAGGCGACCAATCACACCC	{3502}
7.449098706245422	3568	3668	100	3568	1	1.0	GGACTGCCCTCTTGATGGATTGATGTTGTT	3638	1	1.0	CATGTGAGTATGTCCAGATGAGGTCTAATG	1	1.0	3.4490987062454224	3.4490987062454224	3.4490987062454224	3.4490987062454224	TTATTAGACAAAGAACCATCACGCAGGC	{3608}
7.409358382225037	3686	3785	99	3686	1	1.0	TGTATCTCTCTGTGGAATTACACTGTGTTC	3755	1	1.0	TTAAAATGTTCTATACGTGGCCTAAGACTC	1	1.0	3.4093583822250366	3.4093583822250366	3.4093583822250366	3.4093583822250366	CTCTAATGTATGGTAACATGATCTGTGA	{3726}
