objective-value	target-start	target-end	target-length	left-primer-start	left-primer-num-primers	left-primer-frac-bound	left-primer-target-sequences	right-primer-start	right-primer-num-primers	right-primer-frac-bound	right-primer-target-sequences	num-guides	total-frac-bound-by-guides	guide-set-expected-activity	guide-set-median-activity	guide-set-5th-pctile-activity	guide-expected-activities	guide-target-sequences	guide-target-sequence-positions
7.574954867362976	28	179	151	28	1	1.0	GCAGCCGCGAAGCAGCAACCATGCGTGAGT	149	1	1.0	CCAGATGCCAAGTGACAAGACCATTGGGGG	1	1.0	3.574954867362976	3.574954867362976	3.574954867362976	3.574954867362976	CTGGGAGCTCTACTGCCTGGAACATGGC	{107}
7.5292118191719055	179	755	576	179	1	1.0	AGGAGATGACTCCTTCAACACCTTCTTCAG	725	1	1.0	CCTAAACAGGTTGATAGGTCAAATTGTGTC	1	1.0	3.5292118191719055	3.5292118191719055	3.5292118191719055	3.5292118191719055	CCTCGACATTGAGCGCCCAACCTACACT	{695}
7.499121963977814	755	849	94	755	1	1.0	TTCCATCACTGCTTCCCTCAGATTTGATGG	819	1	1.0	AACCTGGTACCCTACCCTCGTATCCACTTC	1	1.0	3.4991219639778137	3.4991219639778137	3.4991219639778137	3.4991219639778137	TGAATGTTGATCTGACAGAATTCCAGAC	{790}
7.485205829143524	849	966	117	849	1	1.0	CCTCTGGCCACTTATGCCCCTGTCATCTCT	936	1	1.0	GAGCCAGCCAACCAGATGGTGAAATGTGAC	1	1.0	3.485205829143524	3.485205829143524	3.485205829143524	3.485205829143524	TCTGTAGCAGAGATCACCAATGCCTGCT	{906}
7.482946932315826	966	1227	261	966	1	1.0	CCTCGCCATGGTAAATACATGGCTTGCTGC	1197	1	1.0	ATTGCTGAGGCCTGGGCTCGCCTAGATCAC	1	1.0	3.4829469323158264	3.4829469323158264	3.4829469323158264	3.4829469323158264	AGAGAGCTGTGTGCATGCTGAGCAACAC	{1162}
7.435624659061432	1227	1457	230	1227	1	1.0	AAGTTTGATCTGATGTATGCCAAGCGTGCC	1427	1	1.0	TCCACAGGGATGTTTATTGTGTTCCAACAC	1	1.0	3.435624659061432	3.435624659061432	3.435624659061432	3.435624659061432	TACTAAATTAAATGTCACAAGGTGCTGC	{1398}
7.347009181976318	1462	1572	110	1462	1	1.0	GTTGTGGTCTGATCAGTTAATTTGTATGTG	1542	1	1.0	GAGACCCAAGCTGCCCATTTCACTTATGGG	1	1.0	3.3470091819763184	3.3470091819763184	3.3470091819763184	3.3470091819763184	TACAGTTACTGACTTATGAATGATTGAT	{1508}
